<?xml version="1.0" encoding="UTF-8"?>
<jcr:root xmlns:sling="http://sling.apache.org/jcr/sling/1.0" xmlns:granite="http://www.adobe.com/jcr/granite/1.0" xmlns:cq="http://www.day.com/jcr/cq/1.0" xmlns:jcr="http://www.jcp.org/jcr/1.0" xmlns:nt="http://www.jcp.org/jcr/nt/1.0"
    jcr:primaryType="nt:unstructured"
    jcr:title="Title"
    sling:resourceType="cq/gui/components/authoring/dialog"
    extraClientlibs="[core.wcm.components.title.v2.editor]"
    helpPath="https://www.adobe.com/go/aem_cmp_title_v2">
    <content
        jcr:primaryType="nt:unstructured"
        sling:resourceType="granite/ui/components/coral/foundation/container">
        <items jcr:primaryType="nt:unstructured">
            <tabs
                jcr:primaryType="nt:unstructured"
                sling:resourceType="granite/ui/components/coral/foundation/tabs"
                maximized="{Boolean}true">
                <items jcr:primaryType="nt:unstructured">
                    <properties
                        jcr:primaryType="nt:unstructured"
                        jcr:title="Properties"
                        sling:resourceType="granite/ui/components/coral/foundation/container"
                        margin="{Boolean}true">
                        <items jcr:primaryType="nt:unstructured">
                            <columns
                                jcr:primaryType="nt:unstructured"
                                sling:resourceType="granite/ui/components/coral/foundation/fixedcolumns"
                                margin="{Boolean}true">
                                <items jcr:primaryType="nt:unstructured">
                                    <column
                                        jcr:primaryType="nt:unstructured"
                                        sling:resourceType="granite/ui/components/coral/foundation/container">
                                        <items jcr:primaryType="nt:unstructured">
                                            <title
                                                jcr:primaryType="nt:unstructured"
                                                sling:resourceType="granite/ui/components/coral/foundation/form/textfield"
                                                fieldDescription="Leave empty to use the page title."
                                                fieldLabel="Title"
                                                name="./blackstriptitle"/>
                                            <types
                                                granite:class="core-title-sizes"
                                                jcr:primaryType="nt:unstructured"
                                                sling:resourceType="granite/ui/components/coral/foundation/form/select"
                                                fieldLabel="Type / Size"
                                                name="./type">
                                                <datasource
                                                    jcr:primaryType="nt:unstructured"
                                                    sling:resourceType="core/wcm/components/title/v1/datasource/allowedtypes"/>
                                            </types>
                                            <defaulttypes
                                                granite:class="core-title-sizes-default"
                                                jcr:primaryType="nt:unstructured"
                                                sling:resourceType="granite/ui/components/coral/foundation/form/select"
                                                fieldLabel="Type / Size"
                                                name="./type">
                                                <items jcr:primaryType="nt:unstructured">
                                                    <h1
                                                        jcr:primaryType="nt:unstructured"
                                                        text="H1"
                                                        value="h1"/>
                                                    <h2
                                                        jcr:primaryType="nt:unstructured"
                                                        text="H2"
                                                        value="h2"/>
                                                    <h3
                                                        jcr:primaryType="nt:unstructured"
                                                        text="H3"
                                                        value="h3"/>
                                                    <h4
                                                        jcr:primaryType="nt:unstructured"
                                                        text="H4"
                                                        value="h4"/>
                                                    <h5
                                                        jcr:primaryType="nt:unstructured"
                                                        text="H5"
                                                        value="h5"/>
                                                    <h6
                                                        jcr:primaryType="nt:unstructured"
                                                        text="H6"
                                                        value="h6"/>
                                                </items>
                                            </defaulttypes>
                                        </items>
                                    </column>
                                </items>
                            </columns>
                        </items>
                    </properties>
                </items>
            </tabs>
        </items>
    </content>
</jcr:root>
