<?xml version="1.0" encoding="UTF-8"?>
<jcr:root xmlns:sling="http://sling.apache.org/jcr/sling/1.0" xmlns:jcr="http://www.jcp.org/jcr/1.0" xmlns:nt="http://www.jcp.org/jcr/nt/1.0"
    jcr:primaryType="sling:OrderedFolder">
    <jcr:content
        jcr:primaryType="nt:unstructured"
        jcr:title="xeltech Site">
        <folderThumbnail/>
    </jcr:content>
    <asset.jpg/>
    <banner1.jpg/>
    <banner2.jpg/>
    <banner3.jpg/>
    <company.jpg/>
    <banner1.png/>
    <xelium-logo.png/>
    <skyline-buildings-new-york-skyscrapers.jpg/>
</jcr:root>
