<?xml version="1.0" encoding="UTF-8"?>
<jcr:root xmlns:sling="http://sling.apache.org/jcr/sling/1.0" xmlns:cq="http://www.day.com/jcr/cq/1.0" xmlns:jcr="http://www.jcp.org/jcr/1.0" xmlns:nt="http://www.jcp.org/jcr/nt/1.0"
    jcr:primaryType="nt:unstructured"
    jcr:title="pranjaldialog"
    sling:resourceType="[cq/gui/components/authoring/dialog]"
    extraClientlibs="[core.wcm.components.title.v2.editor]">
    <container
        jcr:primaryType="nt:unstructured"
        sling:resourceType="[granite/ui/components/coral/foundation/container]">
        <items jcr:primaryType="nt:unstructured">
            <tabs
                jcr:primaryType="nt:unstructured"
                sling:resourceType="[granite/ui/components/coral/foundation/tabs]"
                maximized="{Boolean}[true]">
                <items jcr:primaryType="nt:unstructured">
                    <container2
                        jcr:primaryType="nt:unstructured"
                        jcr:title="[container2]"
                        sling:resourceType="[granite/ui/components/coral/foundation/container]"
                        margin="{Boolean}[true]">
                        <items jcr:primaryType="nt:unstructured">
                            <columns jcr:primaryType="nt:unstructured">
                                <items jcr:primaryType="nt:unstructured">
                                    <container3
                                        jcr:primaryType="nt:unstructured"
                                        sling:resourceType="[granite/ui/components/coral/foundation/container]">
                                        <items jcr:primaryType="nt:unstructured">
                                            <title
                                                jcr:primaryType="nt:unstructured"
                                                sling:resourceType="[granite/ui/components/coral/foundation/form/textfield]"
                                                fieldLabel="[Title]"
                                                name="[./thetitle]"/>
                                        </items>
                                    </container3>
                                </items>
                            </columns>
                        </items>
                    </container2>
                </items>
            </tabs>
        </items>
    </container>
</jcr:root>
